,size,name,block_size,block_count,mode,time_no_cache,time_cache
0,100000,one_hundred_k_input.txt,1,1,r,0.046056270599365234,0.04160308837890625
1,1000000,one_mil_input.txt,1,1,r,0.28583717346191406,0.28387904167175293
2,10000000,ten_mil_input.txt,1,1,r,2.8382320404052734,2.8784468173980713
3,100000000,one_hundred_mil_input.txt,1,1,r,28.43798518180847,28.476582050323486
4,1000000000,one_bil_input.txt,1,1,r,285.4529781341553,286.0247139930725
